protein,accession_id,enzyme,min_length,max_length,num_peptides,num_predicted_amp,avg_probability,top_probability,top_peptide
lactoferrin,P24627,trypsin,4,50,58,40,0.6622603637134207,0.9994131326675415,LFVPALLSLGALGLCLAAPR
lactoferrin,P24627,chymotrypsin,4,50,67,47,0.6396161472953078,0.9992412328720093,AVAVVKKANEGL
lactoferrin,P24627,pepsin,4,50,67,43,0.63561857052481,0.9955835938453674,LAVAVVKKANEG
BSA,P02769,trypsin,4,50,62,36,0.5582157485787907,0.9943141341209412,GACLLPK
alpha-lactalbumin,P00711,bromelain,4,50,15,4,0.375429829955101,0.9935522079467773,SLLLV
BSA,P02769,alcalase,4,50,57,23,0.40583401942919745,0.9934332370758057,KHKPKA
BSA,P02769,bromelain,4,50,52,20,0.44336188565760565,0.9923162460327148,TFISLLLLFSSA
lactoferrin,P24627,bromelain,4,50,58,27,0.4625738871380173,0.9906349778175354,LLSLG
lactoferrin,P24627,alcalase,4,50,62,26,0.4411357122082864,0.989600419998169,GKCGL
beta-lactoglobulin,P02754,bromelain,4,50,18,6,0.4402960000766648,0.9875777363777161,CLLLA
beta-lactoglobulin,P02754,trypsin,4,50,13,9,0.5687821871386125,0.9796671867370605,IPAVFK
BSA,P02769,chymotrypsin,4,50,61,33,0.5527864206643378,0.9795173406600952,AVSVL
BSA,P02769,pepsin,4,50,63,38,0.5482958486333253,0.9637593626976013,LASSARQR
lactoferrin,P24627,papain,4,50,45,11,0.3664140318002966,0.9504313468933105,CSSR
alpha-lactalbumin,P00711,chymotrypsin,4,50,16,6,0.45046434621326625,0.9494856595993042,VGIL
alpha-lactalbumin,P00711,pepsin,4,50,15,7,0.5145142445961635,0.9490044116973877,LVGI
beta-lactoglobulin,P02754,pepsin,4,50,18,9,0.5044287935727172,0.9134637713432312,LDIQKVAGT
beta-lactoglobulin,P02754,chymotrypsin,4,50,19,14,0.5634430582684121,0.9060804843902588,ACQCL
BSA,P02769,papain,4,50,40,9,0.29144461039686576,0.880257248878479,PDPNTL
beta-lactoglobulin,P02754,alcalase,4,50,16,6,0.37318116071401164,0.7401724457740784,QKKI
alpha-lactalbumin,P00711,trypsin,4,50,10,3,0.3867592602968216,0.7318058013916016,MMSFVSLLLVGILFHATQAEQLTK
alpha-lactalbumin,P00711,papain,4,50,14,3,0.23858153580554894,0.7210403680801392,DDDL
alpha-lactalbumin,P00711,alcalase,4,50,14,2,0.2611823260251965,0.7210403680801392,DDDL
beta-lactoglobulin,P02754,papain,4,50,17,3,0.2932942297090502,0.6918053030967712,CQCL
