protein,accession_id,enzyme,min_length,max_length,num_peptides,num_predicted_amp,avg_probability,top_probability,top_peptide
lactoferrin,P24627,trypsin,4,50,58,39,0.6422321155410389,0.9996696710586548,LFVPALLSLGALGLCLAAPR
lactoferrin,P24627,chymotrypsin,4,50,67,42,0.6176603085069514,0.9987322688102722,AVAVVKKANEGL
BSA,P02769,bromelain,4,50,52,20,0.42518944245798945,0.9960095882415771,TFISLLLLFSSA
alpha-lactalbumin,P00711,bromelain,4,50,15,5,0.39220289811491965,0.9955399632453918,SLLLV
lactoferrin,P24627,bromelain,4,50,58,27,0.4424983537916479,0.9940401315689087,LLSLG
BSA,P02769,trypsin,4,50,62,33,0.5350335102318035,0.9934553503990173,GACLLPK
lactoferrin,P24627,pepsin,4,50,67,42,0.6070770351633207,0.9914013743400574,LAVAVVKKANEG
beta-lactoglobulin,P02754,bromelain,4,50,18,6,0.43465161013106507,0.9902897477149963,CLLLA
lactoferrin,P24627,alcalase,4,50,62,25,0.41908711104864077,0.9879328608512878,GKCGL
BSA,P02769,alcalase,4,50,57,19,0.38447140944762187,0.9864978790283203,KHKPKA
BSA,P02769,chymotrypsin,4,50,61,31,0.5228860397807887,0.9789121747016907,AVSVL
beta-lactoglobulin,P02754,trypsin,4,50,13,9,0.5499298062462074,0.9773364663124084,IPAVFK
alpha-lactalbumin,P00711,pepsin,4,50,15,8,0.510583488146464,0.9657664895057678,LDDD
alpha-lactalbumin,P00711,chymotrypsin,4,50,16,6,0.45404775929637253,0.9574378728866577,VGIL
lactoferrin,P24627,papain,4,50,45,13,0.349652796652582,0.9397780299186707,CSSR
BSA,P02769,pepsin,4,50,63,34,0.4941829687487038,0.9307910203933716,LASSARQR
beta-lactoglobulin,P02754,chymotrypsin,4,50,19,11,0.5405892543004531,0.9060388803482056,ACQCL
beta-lactoglobulin,P02754,pepsin,4,50,18,6,0.46940386709239745,0.8833321332931519,LDIQKVAGT
BSA,P02769,papain,4,50,40,9,0.27241425843676553,0.8628341555595398,PDPNTL
alpha-lactalbumin,P00711,papain,4,50,14,3,0.24871751878942763,0.7956557869911194,DDDL
alpha-lactalbumin,P00711,alcalase,4,50,14,3,0.2714629676192999,0.7956557869911194,DDDL
beta-lactoglobulin,P02754,papain,4,50,17,2,0.2800146940657321,0.7531600594520569,CQCL
beta-lactoglobulin,P02754,alcalase,4,50,16,5,0.34869167022407055,0.7531600594520569,CQCL
alpha-lactalbumin,P00711,trypsin,4,50,10,3,0.37434322014451027,0.6490023136138916,MMSFVSLLLVGILFHATQAEQLTK
