sequence,probability
LFVPALLSLGALGLCLAAPR,0.9996696710586548
DSALGFLR,0.9889589548110962
QVLLHQQALFGK,0.9758895635604858
LRPVAAEIYGTK,0.9668895602226257
LGAPSITCVR,0.9448591470718384
ADAVTLDGGMVFEAGR,0.9262689352035522
CGLVPVLAENR,0.9229780435562134
GEADALNLDGGYIYTAGK,0.9209926128387451
LLSK,0.9147026538848877
SCHTGLGR,0.9097777009010315
GSNFQLDQLQGR,0.9050407409667969
SFQLFGSPPGQR,0.9037365913391113
CSTSPLLEACAFLTR,0.9006673097610474
AIAEK,0.8919092416763306
AFALECIR,0.8853927254676819
LGGRPTYEEYLGTEYVTAIANLK,0.8754867911338806
VDSALYLGSR,0.8748401999473572
LLCLDGTR,0.8740168213844299
ETAEEVK,0.8298454284667969
YYGYTGAFR,0.8108978271484375
DLLFK,0.7850460410118103
AAHVK,0.78263258934021
FCLFK,0.7817022800445557
YLTTLK,0.7808689475059509
HSSLDCVLRPTEGYLAVAVVK,0.776533842086792
ANEGLTWNSLK,0.7729460000991821
CLAEDVGDVAFVK,0.7563458681106567
WQWR,0.7527850866317749
FFSASCVPCIDR,0.7467208504676819
LCALCAGDDQGLDK,0.7150354981422424
CLQDGAGDVAFVK,0.6896889209747314
APVDAFK,0.6334807872772217
SVDGK,0.6160498857498169
ESPQTHYYAVAVVK,0.6051778197288513
EPYFGYSGAFK,0.5914475321769714
NLNR,0.5538603067398071
KPVTEAQSCHLAVAPNHAVVSR,0.534929633140564
ECHLAQVPSHAVVAR,0.5273405313491821
IPSK,0.5220674872398376
QAYPNLCQLCK,0.4700562059879303
NCPDK,0.4550137519836426
CVPNSK,0.4433594346046448
CQQWSQQSGQNVTCATASTTDDCIVLVLK,0.4320724606513977
DPYK,0.41717055439949036
ETTVFENLPEK,0.41601234674453735
EDFR,0.39406535029411316
SETK,0.3890621066093445
NLLFNDNTECLAK,0.3538438677787781
VVWCAVGPEEQK,0.3425461947917938
SAGWIIPMGILRPYLSWTESLEPLQGAVAK,0.3423410952091217
AQEK,0.31153950095176697
SCHTAVDR,0.2943934500217438
DQYELLCLNNSR,0.28254929184913635
EDLIWK,0.20943967998027802
GEGENQCACSSR,0.1874460130929947
WCTISQPEWFK,0.16599920392036438
TAGWNIPMGLIVNQTGSCAFDEFFSQSCAPGADPK,0.12526394426822662
NDTVWENTNGESTADWAK,0.06980782002210617
